event_id,event,outlet,channel,url,headline,published_at,lag_hours,first,words,named_sources,quotes,primary_doc_links,clickbait_headline,returns,return_at,depth
1,"2028, samarkand-, спутник, орбиту, успешно, гиперспектральный",UzNews.uz,telegram,https://t.me/uznews/48575,Спутник Samarkand-2028 запустят на орбиту 5 августа,2026-08-03T19:33:09+05:00,0.0,True,27,0,0,0,False,1,2026-08-05T09:24:04+05:00,только факт
1,"2028, samarkand-, спутник, орбиту, успешно, гиперспектральный",Repost.uz,telegram,https://t.me/RepostUZ/85104,"Стало известно, когда запустят спутник Samarkand-2028",2026-08-03T20:45:33+05:00,1.2,False,52,1,0,0,True,2,2026-08-05T09:19:58+05:00,только факт
1,"2028, samarkand-, спутник, орбиту, успешно, гиперспектральный",Kun.uz,telegram,https://t.me/kunuzru/73553,Гиперспектральный спутник Samarkand-2028 выведут на орбиту 5 августа,2026-08-04T11:50:08+05:00,16.3,False,105,1,1,0,False,0,,только факт
1,"2028, samarkand-, спутник, орбиту, успешно, гиперспектральный",LEAP News,сайт,https://leap.uz/ru/2026/08/04/samarkand-2028-satellite-launch,Гиперспектральный спутник Samarkand-2028 запустят на орбиту 5 августа,2026-08-04T19:54:00+05:00,24.3,False,251,4,0,3,False,1,2026-08-05T10:08:00+05:00,контекст
1,"2028, samarkand-, спутник, орбиту, успешно, гиперспектральный",Spot.uz,telegram,https://t.me/spotuz/39271,Спутник «Samarkand-2028» с узбекским ИИ-модулем успешно выведен на орбиту,2026-08-05T09:43:29+05:00,38.2,False,104,0,0,0,False,0,,только факт
1,"2028, samarkand-, спутник, орбиту, успешно, гиперспектральный",Podrobno.uz,telegram,https://t.me/podrobno/89450,Спутник Узбекистана Samarkand-2028 успешно выведен на орбиту. Запуск состоялся 5 августа с морской платформы у,2026-08-05T09:45:02+05:00,38.2,False,30,0,0,0,False,2,2026-08-05T19:02:08+05:00,только факт
2,"отношении, проверку, районов, служебную, хокимов, агентства",UzNews.uz,telegram,https://t.me/uznews/48580,В Ташкенте проведут служебную проверку в отношении хокимов десяти районов,2026-08-04T10:05:40+05:00,0.0,True,21,0,0,0,False,0,,только факт
2,"отношении, проверку, районов, служебную, хокимов, агентства",Gazeta.uz,telegram,https://t.me/gazetauz/63329,В отношении хокимов 10 из 12 районов Ташкента проведут служебную проверку по представлению Агентства по,2026-08-04T10:30:23+05:00,0.4,False,94,1,0,0,False,0,,только факт
2,"отношении, проверку, районов, служебную, хокимов, агентства",Repost.uz,telegram,https://t.me/RepostUZ/85120,В отношении 10 районных хокимов Ташкента проведут служебную проверку,2026-08-04T10:45:58+05:00,0.7,False,28,0,0,0,False,0,,только факт
2,"отношении, проверку, районов, служебную, хокимов, агентства",Podrobno.uz,telegram,https://t.me/podrobno/89415,Хокимов десяти районов Ташкента проверят после представления Агентства по противодействию коррупции. Соответствующее распоряжение подписал хоким,2026-08-04T11:44:57+05:00,1.7,False,29,0,0,0,False,0,,только факт
2,"отношении, проверку, районов, служебную, хокимов, агентства",Spot.uz,telegram,https://t.me/spotuz/39254,Хокимият Ташкента проведет служебную проверку в отношении глав 10 районов,2026-08-04T12:25:02+05:00,2.3,False,74,0,0,0,False,0,,только факт
3,"обрушении, приговор, путепровода, малика, пересечении, темура",UzNews.uz,telegram,https://t.me/uznews/48597,"Присвоено 7,4 млрд сумов: вынесен приговор по делу об обрушении путепровода в Ташкенте",2026-08-04T18:27:30+05:00,0.0,True,37,0,0,0,False,0,,только факт
3,"обрушении, приговор, путепровода, малика, пересечении, темура",Repost.uz,telegram,https://t.me/RepostUZ/85145,В Ташкенте вынесли приговор по делу об обрушении части путепровода,2026-08-04T18:53:58+05:00,0.4,False,26,0,0,0,False,0,,только факт
3,"обрушении, приговор, путепровода, малика, пересечении, темура",Podrobno.uz,telegram,https://t.me/podrobno/89439,В Ташкенте суд вынес приговор по делу об обрушении части путепровода на пересечении улиц Темура,2026-08-04T18:56:22+05:00,0.5,False,42,0,0,0,False,0,,только факт
3,"обрушении, приговор, путепровода, малика, пересечении, темура",Kun.uz,telegram,https://t.me/kunuzru/73565,Семь миллиардов похищено на строительстве обрушившегося путепровода в Ташкенте,2026-08-04T19:09:58+05:00,0.7,False,119,0,0,0,False,0,,только факт
3,"обрушении, приговор, путепровода, малика, пересечении, темура",Gazeta.uz,telegram,https://t.me/gazetauz/63356,Мирзо-Улугбекский районный суд вынес приговор по делу об обрушении подпорной стены путепровода на пересечении улиц,2026-08-05T12:50:42+05:00,18.4,False,54,0,0,0,False,0,,только факт
4,"основе, постоянной, визовые, залоги, стран, взимать",Repost.uz,telegram,https://t.me/RepostUZ/85053,США введут визовые залоги до $20 тысяч на постоянной основе,2026-08-01T15:37:54+05:00,0.0,True,41,0,0,0,False,0,,только факт
4,"основе, постоянной, визовые, залоги, стран, взимать",Podrobno.uz,telegram,https://t.me/podrobno/89355,США с 3 августа на постоянной основе вводят визовые залоги для граждан 50 стран при,2026-08-03T09:34:37+05:00,41.9,False,46,0,0,0,False,0,,только факт
4,"основе, постоянной, визовые, залоги, стран, взимать",Spot.uz,telegram,https://t.me/spotuz/39237,США сделают постоянными визовые залоги для граждан 50 стран. Узбекистана в списке нет,2026-08-03T14:03:42+05:00,46.4,False,97,0,0,0,False,0,,только факт
4,"основе, постоянной, визовые, залоги, стран, взимать",Gazeta.uz,telegram,https://t.me/gazetauz/63315,США с 3 августа начнут на постоянной основе взимать залог при подаче заявлений на туристические,2026-08-03T14:33:01+05:00,46.9,False,51,0,0,0,False,0,,только факт
5,"законодательства, миграционного, нарушение, ташкент, аэропорт, гражданами",LEAP News,сайт,https://leap.uz/ru/2026/08/02/us-deportation-18-uzbek-citizens,1 августа чартер из США доставил в Ташкент 18 депортированных граждан Узбекистана,2026-08-02T10:00:00+05:00,-3.2,False,359,2,1,1,False,0,,контекст
5,"законодательства, миграционного, нарушение, ташкент, аэропорт, гражданами",Podrobno.uz,telegram,https://t.me/podrobno/89347,"В международный аэропорт Ташкента специальным чартерным рейсом доставлены 18 граждан Узбекистана, депортированных из США за",2026-08-02T13:14:01+05:00,0.0,True,30,0,0,0,False,0,,только факт
5,"законодательства, миграционного, нарушение, ташкент, аэропорт, гражданами",Repost.uz,telegram,https://t.me/RepostUZ/85068,США депортировали на родину 18 узбекистанцев,2026-08-03T10:12:01+05:00,21.0,False,26,0,0,0,False,0,,только факт
5,"законодательства, миграционного, нарушение, ташкент, аэропорт, гражданами",Gazeta.uz,telegram,https://t.me/gazetauz/63308,"В Ташкент из США прибыли ещё 18 человек, высланные за нарушение миграционного законодательства.",2026-08-03T10:30:06+05:00,21.3,False,33,0,0,0,False,0,,только факт
5,"законодательства, миграционного, нарушение, ташкент, аэропорт, гражданами",Kun.uz,telegram,https://t.me/kunuzru/73537,"В Ташкент прибыл рейс с 18 гражданами Узбекистана, депортированными из США",2026-08-03T11:50:06+05:00,22.6,False,78,1,1,0,False,0,,только факт
6,"девушке, домогательств, штраф, сырдарье, защищаясь, кричала",UzNews.uz,telegram,https://t.me/uznews/48576,"В Сырдарье отменили штраф девушке, которая кричала, защищаясь от домогательств",2026-08-03T20:03:32+05:00,0.0,True,40,0,0,0,False,0,,только факт
6,"девушке, домогательств, штраф, сырдарье, защищаясь, кричала",Gazeta.uz,telegram,https://t.me/gazetauz/63325,"Суд в Сырдарьинской области назначил 18-летней девушке штраф в размере 1,24 млн сумов за мелкое",2026-08-03T20:08:15+05:00,0.1,False,64,0,0,0,False,0,,только факт
6,"девушке, домогательств, штраф, сырдарье, защищаясь, кричала",Repost.uz,telegram,https://t.me/RepostUZ/85103,"В Сырдарье отменили штраф девушке, которая кричала, защищаясь от домогательств со стороны бывшего тренера",2026-08-03T20:29:48+05:00,0.4,False,50,0,1,0,False,0,,только факт
6,"девушке, домогательств, штраф, сырдарье, защищаясь, кричала",Kun.uz,telegram,https://t.me/kunuzru/73552,"Суд отменил штраф девушке, криком защищавшейся от домогательств",2026-08-04T11:20:06+05:00,15.3,False,83,0,0,0,False,0,,только факт
7,"должностных, отношении, прокуратура, logistics, возбудила, уголовное",Spot.uz,telegram,https://t.me/spotuz/39253,По факту сноса дома и строительства ЖК New Port в Ташкенте возбуждено уголовное дело,2026-08-04T11:33:27+05:00,0.0,True,132,2,0,0,False,0,,контекст
7,"должностных, отношении, прокуратура, logistics, возбудила, уголовное",UzNews.uz,telegram,https://t.me/uznews/48584,В Ташкенте возбудили уголовное дело после сноса дома до завершения выселения жильцов — видео,2026-08-04T12:05:32+05:00,0.5,False,41,0,0,0,False,0,,только факт
7,"должностных, отношении, прокуратура, logistics, возбудила, уголовное",Gazeta.uz,telegram,https://t.me/gazetauz/63332,В отношении должностных лиц Mega Logistics Service (реализует проект ЖК Newport) возбуждено уголовное дело. По,2026-08-04T12:41:04+05:00,1.1,False,109,0,0,0,False,0,,только факт
7,"должностных, отношении, прокуратура, logistics, возбудила, уголовное",Kun.uz,telegram,https://t.me/kunuzru/73558,В Ташкенте расследуют незаконный снос дома и самовольное строительство,2026-08-04T14:19:58+05:00,2.8,False,88,2,1,0,False,0,,контекст
7,"должностных, отношении, прокуратура, logistics, возбудила, уголовное",LEAP News,сайт,https://leap.uz/ru/2026/08/04/yakkasaray-new-port-demolition-case,Прокуратура Ташкента возбудила дело о самовольном сносе дома под ЖК New Port,2026-08-04T18:01:00+05:00,6.5,False,343,3,1,0,False,0,,контекст
8,"sonet, uzbekistan, годовых, опубликовала, платежа, рассрочки",UzNews.uz,telegram,https://t.me/uznews/48587,Kia Uzbekistan опубликовала условия рассрочки платежа,2026-08-04T13:00:48+05:00,0.0,True,37,0,0,0,False,0,,только факт
8,"sonet, uzbekistan, годовых, опубликовала, платежа, рассрочки",Repost.uz,telegram,https://t.me/RepostUZ/85134,Kia Uzbekistan опубликовала условия рассрочки платежа на Kia Sonet со ставкой от 0% годовых,2026-08-04T15:01:59+05:00,2.0,False,18,0,0,0,False,0,,только факт
8,"sonet, uzbekistan, годовых, опубликовала, платежа, рассрочки",Gazeta.uz,telegram,https://t.me/gazetauz/63341,В Kia Uzbekistan рассказали об условиях приобретения Kia Sonet в рассрочку по ставке от 0%,2026-08-04T17:00:22+05:00,4.0,False,36,0,0,0,False,0,,только факт
8,"sonet, uzbekistan, годовых, опубликовала, платежа, рассрочки",Kun.uz,telegram,https://t.me/kunuzru/73561,Kia Uzbekistan опубликовала условия рассрочки платежа на Kia Sonet со ставкой от 0% годовых,2026-08-04T17:00:40+05:00,4.0,False,53,0,0,0,False,0,,только факт
