event_id,event,outlet,channel,url,headline,published_at,lag_hours,first,words,named_sources,quotes,primary_doc_links,clickbait_headline,returns,return_at,depth,site_url,site_title,site_published_at,site_words,site_named_sources,site_quotes,site_primary_links,site_links_external,source,site_depth
1,"развития, реформ, стратегического, агентства, сардор, советника",Repost.uz,telegram,https://t.me/RepostUZ/84209,Сардор Умурзаков возглавил Агентство стратегического развития и реформ,2026-07-10T13:01:01+05:00,0.0,True,28,0,0,0,False,1,2026-07-10T20:00:58+05:00,только факт,https://repost.uz/doljnost-sovetnika-uprazdnili,Сардор Умурзаков возглавил Агентство стратегического развития и реформ,2026-07-10T12:56:00+05:00,90.0,2.0,0.0,0.0,2.0,сайт,контекст
1,"развития, реформ, стратегического, агентства, сардор, советника",Gazeta.uz,telegram,https://t.me/gazetauz/62787,Президент Узбекистана назначил Сардора Умурзакова руководителем Агентства стратегического развития и реформ. Ранее он занимал пост,2026-07-10T13:05:49+05:00,0.1,False,40,0,0,0,False,0,,только факт,https://www.gazeta.uz/ru/2026/07/10/agency-of-reforms/,Сардор Умурзаков возглавил Агентство стратегического развития и реформ,2026-07-10T13:04:46+05:00,144.0,1.0,1.0,0.0,1.0,сайт,только факт
1,"развития, реформ, стратегического, агентства, сардор, советника",UzNews.uz,telegram,https://t.me/uznews/48243,Сардор Умурзаков назначен директором Агентства стратегического развития и реформ,2026-07-10T13:05:51+05:00,0.1,False,25,0,0,0,False,0,,только факт,https://uznews.uz/ru/news/111084,Сардор Умурзаков назначен директором Агентства стратегического развития и реформ,2026-07-10T00:00:00+05:00,64.0,0.0,0.0,0.0,1.0,сайт,только факт
1,"развития, реформ, стратегического, агентства, сардор, советника",Spot.uz,telegram,https://t.me/spotuz/38804,Сардор Умурзаков возглавил Агентство стратегического развития и реформ,2026-07-10T13:08:28+05:00,0.1,False,120,0,0,0,False,0,,контекст,https://www.spot.uz/ru/2026/07/10/sardor-umurzakov/,Сардор Умурзаков возглавил Агентство стратегического развития и реформ,2026-07-10T13:05:26+05:00,258.0,2.0,1.0,0.0,1.0,сайт,контекст
1,"развития, реформ, стратегического, агентства, сардор, советника",Kun.uz,telegram,https://t.me/kunuzru/73176,Умурзаков назначен директором Агентства стратегического развития и реформ,2026-07-10T13:50:10+05:00,0.8,False,64,1,0,0,False,0,,только факт,https://kun.uz/ru/06547096,Умурзаков назначен директором Агентства стратегического развития и реформ,2026-07-10T18:38:14+05:00,48.0,1.0,0.0,0.0,1.0,сайт,только факт
1,"развития, реформ, стратегического, агентства, сардор, советника",Podrobno.uz,telegram,https://t.me/podrobno/88463,Президент Узбекистана Шавкат Мирзиёев назначил Сардора Умурзакова директором Агентства стратегического развития и реформ. В связи,2026-07-10T13:54:10+05:00,0.9,False,41,0,0,0,False,0,,только факт,https://podrobno.uz/cat/politic/sardor-umurzakov-pokinul-post-sovetnika-prezidenta/,Сардор Умурзаков покинул пост советника президента,2026-07-10T00:00:00+05:00,69.0,1.0,0.0,0.0,1.0,сайт,только факт
2,"закон, международном, ташкентском, конституционный, финансовом, центре",Repost.uz,telegram,https://t.me/RepostUZ/84158,Сенаторы приняли закон о Ташкентском международном финансовом центре,2026-07-09T11:30:16+05:00,0.0,True,45,0,0,0,False,0,,только факт,https://repost.uz/odobrili-posle-dorabotki,Сенаторы приняли закон о Ташкентском международном финансовом центре,2026-07-09T11:03:00+05:00,218.0,2.0,1.0,1.0,2.0,сайт,контекст
2,"закон, международном, ташкентском, конституционный, финансовом, центре",Gazeta.uz,telegram,https://t.me/gazetauz/62752,Сенаторы Узбекистана одобрили конституционный закон о Ташкентском международном финансовом центре после доработки.,2026-07-09T12:10:01+05:00,0.7,False,77,1,0,0,False,1,2026-07-09T16:10:05+05:00,только факт,https://www.gazeta.uz/ru/2026/07/09/tifc-uzb/,Сенат одобрил закон о Ташкентском международном финансовом центре после доработки,2026-07-09T11:57:21+05:00,751.0,14.0,10.0,0.0,0.0,сайт,контекст
2,"закон, международном, ташкентском, конституционный, финансовом, центре",Spot.uz,telegram,https://t.me/spotuz/38782,Сенат со второй попытки одобрил закон о Ташкентском международном финансовом центре,2026-07-09T12:24:47+05:00,0.9,False,107,0,0,0,False,0,,только факт,https://www.spot.uz/ru/2026/07/09/tifc-approval/,Сенат со второй попытки одобрил закон о Ташкентском международном финансовом центре,2026-07-09T11:57:11+05:00,624.0,2.0,2.0,2.0,2.0,сайт,контекст
2,"закон, международном, ташкентском, конституционный, финансовом, центре",Podrobno.uz,telegram,https://t.me/podrobno/88422,"Сенат одобрил конституционный закон ""О Ташкентском международном финансовом центре"". Документ должен помочь привлечь в страну",2026-07-09T13:09:35+05:00,1.7,False,32,0,1,0,False,1,2026-07-11T11:25:05+05:00,только факт,https://podrobno.uz/cat/politic/senat-odobril-zakon-o-tashkentskom-mezhdunarodnom-finansovom-tsentre/,Сенат одобрил закон о Ташкентском международном финансовом центре,2026-07-09T00:00:00+05:00,142.0,0.0,1.0,0.0,1.0,сайт,только факт
2,"закон, международном, ташкентском, конституционный, финансовом, центре",Kun.uz,telegram,https://t.me/kunuzru/73158,Сенаторы одобрили Конституционный закон «О Ташкентском международном финансовом центре,2026-07-09T15:28:27+05:00,4.0,False,68,0,1,0,False,1,2026-07-10T23:50:25+05:00,только факт,https://kun.uz/ru/news/2026/07/09/senatory-odobrili-konstitutsionnyy-zakon-o-tashkenskom-mejdunarodnom-finansovom-sentre-38245c,Сенаторы одобрили Конституционный закон «О Ташкентском международном финансовом центре»,2026-07-09T20:26:28+05:00,145.0,1.0,1.0,1.0,1.0,сайт,только факт
3,"неоплату, парковки, платной, административной, предлагается, предложили",Spot.uz,telegram,https://t.me/spotuz/38856,За неоплату платной парковки в Узбекистане предложили штрафовать на 824 тыс. сумов,2026-07-13T18:22:48+05:00,0.0,True,141,0,0,0,False,0,,контекст,https://www.spot.uz/ru/2026/07/13/parking/,За неоплату платной парковки в Узбекистане предложили штрафовать на 824 тыс. сумов,2026-07-13T18:20:22+05:00,366.0,2.0,1.0,1.0,2.0,сайт,контекст
3,"неоплату, парковки, платной, административной, предлагается, предложили",UzNews.uz,telegram,https://t.me/uznews/48278,В Ташкенте планируют установить ответственность за неоплату платной парковки,2026-07-13T18:31:44+05:00,0.1,False,20,0,0,0,False,0,,только факт,https://uznews.uz/ru/news/111143,В Ташкенте планируют установить ответственность за неоплату платной парковки,2026-07-13T00:00:00+05:00,143.0,0.0,1.0,1.0,1.0,сайт,только факт
3,"неоплату, парковки, платной, административной, предлагается, предложили",Repost.uz,telegram,https://t.me/RepostUZ/84299,В Узбекистане предложили штрафовать за неоплату платной парковки,2026-07-13T18:44:58+05:00,0.4,False,21,0,0,0,False,0,,только факт,https://repost.uz/poka-vse-na-obsujdenii,В Узбекистане предложили штрафовать за неоплату платной парковки,2026-07-13T18:24:00+05:00,161.0,0.0,0.0,1.0,2.0,сайт,только факт
3,"неоплату, парковки, платной, административной, предлагается, предложили",Gazeta.uz,telegram,https://t.me/gazetauz/62856,В Узбекистане предлагается ввести штраф в 2 БРВ (824 тысяч сумов) за неоплату придорожных платных,2026-07-13T19:24:50+05:00,1.0,False,85,1,0,0,False,0,,только факт,https://www.gazeta.uz/ru/2026/07/13/parking/,За неоплату придорожной платной парковки в Узбекистане предлагается штраф в 2 БРВ,2026-07-13T19:22:50+05:00,422.0,2.0,2.0,1.0,1.0,сайт,контекст
3,"неоплату, парковки, платной, административной, предлагается, предложили",Kun.uz,telegram,https://t.me/kunuzru/73225,В Ташкенте предложили штрафовать за неоплату придорожной платной парковки,2026-07-14T12:02:06+05:00,17.7,False,79,0,1,1,False,0,,только факт,https://kun.uz/ru/23508100,В Ташкенте предложили штрафовать за неоплату придорожной платной парковки,2026-07-14T16:45:05+05:00,115.0,0.0,1.0,1.0,1.0,сайт,только факт
4,"катара, связи, соболезнования, кончиной, прибыл, выразить",UzNews.uz,telegram,https://t.me/uznews/48297,Шавкат Мирзиёев прибыл в Катар,2026-07-14T19:21:51+05:00,0.0,True,25,0,0,0,False,0,,только факт,https://uznews.uz/ru/news/111178,Шавкат Мирзиёев прибыл в Катар,2026-07-14T00:00:00+05:00,118.0,0.0,0.0,1.0,1.0,сайт,только факт
4,"катара, связи, соболезнования, кончиной, прибыл, выразить",Gazeta.uz,telegram,https://t.me/gazetauz/62897,"Президент Узбекистана Шавкат Мирзиёев прибыл в Доху, чтобы выразить соболезнования в связи с кончиной бывшего",2026-07-14T19:28:16+05:00,0.1,False,29,0,0,0,False,0,,только факт,https://www.gazeta.uz/ru/2026/07/14/qatar/,Президент Узбекистана прибыл в Катар,2026-07-14T19:25:28+05:00,152.0,1.0,0.0,1.0,3.0,сайт,только факт
4,"катара, связи, соболезнования, кончиной, прибыл, выразить",Repost.uz,telegram,https://t.me/RepostUZ/84349,Шавкат Мирзиёев прибыл в Катар,2026-07-14T19:31:37+05:00,0.2,False,31,0,0,0,False,1,2026-07-14T22:01:52+05:00,только факт,https://repost.uz/v-aeroportu-vstretili,Шавкат Мирзиёев прибыл в Катар,2026-07-14T19:12:00+05:00,64.0,1.0,0.0,1.0,2.0,сайт,только факт
4,"катара, связи, соболезнования, кончиной, прибыл, выразить",Podrobno.uz,telegram,https://t.me/podrobno/88633,Президент Узбекистана Шавкат Мирзиёев прибыл с визитом в столицу Катара — город Доху. Глава государства,2026-07-14T19:47:20+05:00,0.4,False,44,0,0,0,False,0,,только факт,https://podrobno.uz/cat/politic/shavkat-mirziyeev-pribyl-v-dokhu-dlya-vyrazheniya-soboleznovaniy-v-svyazi-s-konchinoy-byvshego-emira/,Шавкат Мирзиёев прибыл в Доху для выражения соболезнований в связи с кончиной бывшего Эмира Катара,2026-07-14T00:00:00+05:00,76.0,0.0,0.0,0.0,0.0,сайт,только факт
4,"катара, связи, соболезнования, кончиной, прибыл, выразить",Kun.uz,telegram,https://t.me/kunuzru/73240,Президент Узбекистана прибыл в Катар,2026-07-14T20:41:27+05:00,1.3,False,55,0,0,0,False,1,2026-07-14T22:11:56+05:00,только факт,https://kun.uz/ru/news/2026/07/15/prezident-uzbekistana-pribyl-v-katar-ceb350,Президент Узбекистана прибыл в Катар,2026-07-15T01:19:01+05:00,85.0,0.0,0.0,1.0,1.0,сайт,только факт
5,"intelligence, speedtest, ucell, данных, подряд, третий",Repost.uz,telegram,https://t.me/RepostUZ/84378,Ucell вновь подтверждает свое лидерство,2026-07-15T13:00:01+05:00,0.0,True,67,0,1,0,False,0,,только факт,,,,,,,,,нет ссылки в посте,только факт
5,"intelligence, speedtest, ucell, данных, подряд, третий",Spot.uz,telegram,https://t.me/spotuz/38896,Ucell третий год подряд,2026-07-15T19:01:21+05:00,6.0,False,82,0,4,0,False,0,,только факт,,,,,,,,,нет ссылки в посте,только факт
5,"intelligence, speedtest, ucell, данных, подряд, третий",Gazeta.uz,telegram,https://t.me/gazetauz/62923,Ucell третий год подряд признан оператором с «Самым быстрым мобильным интернетом в Узбекистане»,2026-07-16T09:00:18+05:00,20.0,False,73,0,3,0,False,0,,только факт,,,,,,,,,нет ссылки в посте,только факт
5,"intelligence, speedtest, ucell, данных, подряд, третий",Kun.uz,telegram,https://t.me/kunuzru/73277,Самый быстрый мобильный интернет в Узбекистане — третий год подряд,2026-07-16T19:00:10+05:00,30.0,False,75,0,1,0,False,0,,только факт,,,,,,,,,нет ссылки в посте,только факт
5,"intelligence, speedtest, ucell, данных, подряд, третий",UzNews.uz,telegram,https://t.me/uznews/48342,Самый быстрый мобильный интернет в Узбекистане третий год подряд,2026-07-17T09:00:39+05:00,44.0,False,64,0,1,0,False,0,,только факт,,,,,,,,,нет ссылки в посте,только факт
6,"алишер, безопасности, государственной, службы, усманов, уволен",Kun.uz,telegram,https://t.me/kunuzru/73295,Алишер Усманов уволен с поста председателя Службы государственной безопасности президента Узбекистана.,2026-07-18T00:01:45+05:00,0.0,True,41,0,0,0,False,0,,только факт,http://Kun.uz/,Kun.uz,2026-07-12T00:00:00+05:00,115.0,0.0,0.0,0.0,0.0,сайт,только факт
6,"алишер, безопасности, государственной, службы, усманов, уволен",Repost.uz,telegram,https://t.me/RepostUZ/84509,Уволен глава Государственной службы безопасности президента,2026-07-18T00:07:46+05:00,0.1,False,20,0,0,0,False,1,2026-07-18T10:14:08+05:00,только факт,https://repost.uz/do-etogo-rabotal-v-sgb,,,,,,,,текст не извлёкся,только факт
6,"алишер, безопасности, государственной, службы, усманов, уволен",Podrobno.uz,telegram,https://t.me/podrobno/88783,Глава Госслужбы безопасности президента Узбекистана уволен с занимаемой должности — СМИ,2026-07-18T00:25:09+05:00,0.4,False,52,1,0,0,False,0,,только факт,https://www.instagram.com/podrobno.uz/,,,,,,,,ошибка: robots-disallow,только факт
6,"алишер, безопасности, государственной, службы, усманов, уволен",UzNews.uz,telegram,https://t.me/uznews/48355,Алишер Усманов уволен с поста председателя,2026-07-18T00:36:36+05:00,0.6,False,13,0,0,0,False,0,,только факт,https://uznews.uz/ru/news/111288,,,,,,,,текст не извлёкся,только факт
6,"алишер, безопасности, государственной, службы, усманов, уволен",Gazeta.uz,telegram,https://t.me/gazetauz/62976,"Алишер Усманов освобождён от должности председателя Государственной службы безопасности президента, сообщили Kun, Daryo и другие",2026-07-18T01:12:01+05:00,1.2,False,36,1,0,0,False,0,,только факт,https://www.gazeta.uz/ru/2026/07/18/alisher-usmanov/,Алишер Усманов освобождён от должности главы Государственной службы безопасности президента,2026-07-18T01:10:02+05:00,185.0,0.0,1.0,2.0,5.0,сайт,только факт
7,"турции, находившихся, розыске, международном, троих, узбекистанцев",Podrobno.uz,telegram,https://t.me/podrobno/88962,"Из Турции в Узбекистан доставили троих граждан страны, находившихся в международном розыске по линии Интерпола.",2026-07-22T18:00:07+05:00,0.0,True,35,0,0,0,False,0,,только факт,https://podrobno.uz/cat/proisshestviya/iz-turtsii-v-uzbekistan-ekstradirovali-troikh-razyskivaemykh-interpolom-grazhdan/,Из Турции в Узбекистан экстрадировали троих разыскиваемых Интерполом граждан,2026-07-22T00:00:00+05:00,127.0,0.0,0.0,1.0,1.0,сайт,только факт
7,"турции, находившихся, розыске, международном, троих, узбекистанцев",UzNews.uz,telegram,https://t.me/uznews/48426,"Из Турции экстрадировали троих узбекистанцев, находившихся в международном розыске — видео",2026-07-22T18:04:33+05:00,0.1,False,25,0,0,0,False,0,,только факт,https://uznews.uz/ru/news/111422,"Из Турции экстрадировали троих узбекистанцев, находившихся в международном розыске — видео",2026-07-22T00:00:00+05:00,116.0,1.0,0.0,1.0,1.0,сайт,только факт
7,"турции, находившихся, розыске, международном, троих, узбекистанцев",Repost.uz,telegram,https://t.me/RepostUZ/84656,"Из Турции экстрадировали трех узбекистанцев, находившихся в розыске по линии Интерпола",2026-07-22T18:15:08+05:00,0.3,False,33,0,0,0,False,0,,только факт,https://repost.uz/tut-ix-jdet-sud,"Из Турции экстрадировали трех узбекистанцев, находившихся в розыске по линии Интерпола",2026-07-22T18:08:00+05:00,92.0,1.0,0.0,1.0,2.0,сайт,только факт
7,"турции, находившихся, розыске, международном, троих, узбекистанцев",Kun.uz,telegram,https://t.me/kunuzru/73366,"Троих узбекистанцев, разыскиваемых Интерполом, задержали в Турции",2026-07-23T09:18:36+05:00,15.3,False,43,0,0,0,False,0,,только факт,https://kun.uz/ru/news/2026/07/23/troye-uzbekistansev-naxodivshixsya-v-mejdunarodnom-rozyske-zaderjany-v-tursii,"Трое узбекистанцев, находившихся в международном розыске, задержаны в Турции",2026-07-23T09:22:00+05:00,93.0,0.0,0.0,1.0,1.0,сайт,только факт
7,"турции, находившихся, розыске, международном, троих, узбекистанцев",Gazeta.uz,telegram,https://t.me/gazetauz/63095,"Из Турции в Узбекистан экстрадированы трое граждан, находившихся в международном розыске.",2026-07-23T18:17:16+05:00,24.3,False,26,0,0,0,False,0,,только факт,https://www.gazeta.uz/ru/2026/07/23/interpol/,Из Турции в Узбекистан экстрадированы трое разыскиваемых Интерполом,2026-07-23T18:05:32+05:00,102.0,1.0,0.0,1.0,1.0,сайт,только факт
8,"манчестер, контракт, хусанов, 2031, абдукодиром, новое",Repost.uz,telegram,https://t.me/RepostUZ/84778,Официально: Хусанов продлил контракт с «Манчестер Сити»,2026-07-25T15:14:48+05:00,0.0,True,18,0,0,0,False,0,,только факт,https://repost.uz/sport/jdem-osnovi-dlya-nashego,Официально: Хусанов продлил контракт с «Манчестер Сити»,2026-07-25T15:09:00+05:00,52.0,0.0,0.0,0.0,1.0,сайт,только факт
8,"манчестер, контракт, хусанов, 2031, абдукодиром, новое",Gazeta.uz,telegram,https://t.me/gazetauz/63124,Футбольный клуб «Манчестер Сити» объявил о продлении контракта с узбекистанским защитником Абдукодиром Хусановым — новое,2026-07-25T16:40:04+05:00,1.4,False,41,1,0,0,False,0,,только факт,https://www.gazeta.uz/ru/2026/07/25/abdukodir-khusanov/,Абдукодир Хусанов продлил контракт с «Манчестер Сити» до 2031 года,2026-07-25T16:34:28+05:00,358.0,1.0,3.0,0.0,1.0,сайт,контекст
8,"манчестер, контракт, хусанов, 2031, абдукодиром, новое",UzNews.uz,telegram,https://t.me/uznews/48454,Официально: «Манчестер Сити» продлил контракт с Абдукодиром Хусановым,2026-07-25T17:13:28+05:00,2.0,False,26,0,0,0,False,0,,только факт,https://uznews.uz/ru/news/111474,Официально: «Манчестер Сити» продлил контракт с Абдукодиром Хусановым,2026-07-25T00:00:00+05:00,312.0,2.0,1.0,0.0,1.0,сайт,контекст
8,"манчестер, контракт, хусанов, 2031, абдукодиром, новое",Podrobno.uz,telegram,https://t.me/podrobno/89069,"Защитник сборной Узбекистана Абдукодир Хусанов подписал новый пятилетний контракт с “Манчестер Сити”, который рассчитан до",2026-07-25T17:20:27+05:00,2.1,False,50,0,0,0,False,0,,только факт,https://podrobno.uz/cat/sport/manchester-siti-prodlil-kontrakt-s-khusanovym-do-2031-goda/,«Манчестер Сити» продлил контракт с Хусановым до 2031 года,2026-07-25T00:00:00+05:00,240.0,2.0,5.0,0.0,1.0,сайт,контекст
8,"манчестер, контракт, хусанов, 2031, абдукодиром, новое",Kun.uz,telegram,https://t.me/kunuzru/73406,Хусанов официально остаётся в «Манчестер Сити» до 2031 года,2026-07-25T17:53:13+05:00,2.6,False,66,0,0,0,False,0,,только факт,https://kun.uz/ru/86064486,Официально: Хусанов останется в «Манчестер Сити» до 2031 года,2026-07-25T17:56:00+05:00,114.0,1.0,0.0,0.0,1.0,сайт,только факт
