outlet,city,culture,economy,gov,incidents,other,society,tech,world
Daryo.uz,0.278,0.111,0.176,0.111,0.093,0.0,0.102,0.065,0.065
Gazeta.uz,0.225,0.025,0.292,0.15,0.117,0.0,0.058,0.1,0.033
Kun.uz,0.191,0.043,0.209,0.191,0.191,0.009,0.078,0.026,0.061
LEAP News,0.158,0.017,0.356,0.149,0.109,0.0,0.076,0.023,0.112
Podrobno.uz,0.181,0.078,0.302,0.155,0.138,0.0,0.069,0.017,0.06
Repost.uz,0.175,0.042,0.175,0.175,0.158,0.008,0.067,0.017,0.183
Spot.uz,0.225,0.058,0.433,0.092,0.033,0.0,0.008,0.1,0.05
UzNews.uz,0.204,0.022,0.29,0.108,0.204,0.011,0.065,0.032,0.065
Yuz.uz,0.203,0.119,0.195,0.11,0.127,0.017,0.11,0.042,0.076
